Date,HomeTeam,AwayTeam,FTHG,FTAG,B365H,B365D,B365A,BWH,BWD,BWA,IWH,IWD,IWA,LBH,LBD,LBA,PSH,PSD,PSA,WHH,WHD,WHA,SJH,SJD,SJA,VCH,VCD,VCA
16/08/14,Arsenal,Crystal Palace,2,1,1.25,6.5,15,1.25,5.5,12,1.3,5,9,1.25,6,13,1.26,6.45,14.01,1.25,5.5,12,1.25,5.75,12,1.25,6.25,10.5
16/08/14,Leicester,Everton,2,2,3.2,3.4,2.4,2.9,3.2,2.4,2.9,3.3,2.3,3.25,3.4,2.25,3.14,3.38,2.46,3.1,3.1,2.4,3,3.3,2.38,3.2,3.4,2.4
16/08/14,Man United,Swansea,1,2,1.36,5,11,1.4,4.75,9,1.33,5,8,1.36,5,10,1.37,5.1,10.6,1.36,4.5,9,1.36,5,8,1.36,5.2,10
16/08/14,QPR,Hull,0,1,2.5,3.3,3.1,2.5,3.1,2.85,2.3,3.3,2.9,2.4,3.25,3.1,2.48,3.26,3.22,2.6,3,2.9,2.5,3.25,2.88,2.55,3.2,3.12
16/08/14,Stoke,Aston Villa,0,1,1.95,3.5,4.5,1.95,3.3,3.9,2,3.3,3.6,1.95,3.4,4.2,1.95,3.47,4.55,1.95,3.2,4.2,1.95,3.4,4,1.95,3.3,4.75
16/08/14,West Brom,Sunderland,2,2,2.25,3.4,3.5,2.3,3.25,3.1,2.2,3.3,3.1,2.3,3.3,3.3,2.21,3.34,3.73,2.3,3.1,3.3,2.2,3.4,3.3,2.25,3.3,3.6
16/08/14,West Ham,Tottenham,0,1,3.8,3.6,2.05,3.5,3.4,2.05,3.1,3.3,2.2,3.6,3.4,2.1,3.96,3.55,2.06,3.75,3.3,2.05,3.6,3.4,2.05,4,3.5,2.05
17/08/14,Liverpool,Southampton,2,1,1.33,5.75,10,1.36,4.5,8.75,1.35,4.8,7.6,1.36,5,9,1.35,5.48,10.3,1.36,4.5,9,1.36,5,8.5,1.36,5.25,10
17/08/14,Newcastle,Man City,0,2,5.25,4.33,1.67,4.75,3.8,1.67,4.9,3.7,1.65,5,4.2,1.66,5.8,4.28,1.63,5,3.75,1.67,5.25,4,1.62,5.5,4.1,1.67
18/08/14,Burnley,Chelsea,1,3,9,5,1.4,7.5,4.6,1.4,6.8,4.6,1.4,9,4.8,1.4,9.77,4.81,1.41,9,4.2,1.4,8,4.5,1.4,10,4.8,1.4
23/08/14,Aston Villa,Newcastle,0,0,2.5,3.4,3,2.6,3.25,2.9,2.3,3.3,2.9,2.5,3.3,2.87,2.56,3.36,3.01,2.45,3.25,2.9,2.5,3.25,2.88,2.5,3.3,3.1
23/08/14,Chelsea,Leicester,2,0,1.2,7.5,17,1.25,6.25,12.5,1.22,5.5,12,1.22,6,13,1.21,7.28,17.7,1.22,5.5,15,1.2,6.5,13,1.22,7,17
23/08/14,Crystal Palace,West Ham,1,3,2.5,3.3,3.1,2.5,3,2.95,2.3,3.3,2.9,2.5,3.1,3,2.44,3.25,3.3,2.5,3.2,2.8,2.38,3.2,3,2.5,3.2,3.2
23/08/14,Everton,Arsenal,2,2,2.8,3.4,2.7,2.75,3.25,2.7,2.75,3.3,2.4,2.75,3.25,2.7,2.72,3.45,2.76,2.7,3.1,2.7,2.63,3.25,2.63,2.7,3.4,2.8
23/08/14,Southampton,West Brom,0,0,1.85,3.7,4.75,1.87,3.75,4.2,1.95,3.35,3.7,1.85,3.5,4.33,1.86,3.76,4.62,1.91,3.2,4.5,1.83,3.4,4.5,1.87,3.7,4.5
23/08/14,Swansea,Burnley,1,0,1.65,4,6,1.7,3.6,5.75,1.7,3.6,4.7,1.66,3.75,5,1.64,4.13,5.98,1.67,3.4,6,1.62,3.75,5.5,1.65,4,6
24/08/14,Hull,Stoke,1,1,2.5,3.25,3.2,2.55,3.2,2.95,2.3,3.3,2.9,2.4,3.2,3.2,2.48,3.18,3.31,2.5,3.2,2.8,2.38,3.2,3,2.5,3.1,3.3
24/08/14,Sunderland,Man United,1,1,5,4,1.75,4.4,3.75,1.83,4.9,3.7,1.65,4.5,3.6,1.8,4.95,3.93,1.79,4.5,3.5,1.8,4.8,3.6,1.73,5,3.9,1.75
24/08/14,Tottenham,QPR,4,0,1.45,4.75,8,1.48,4.25,7.75,1.45,4,7,1.44,4.33,7.5,1.49,4.64,7.5,1.5,4,7,1.5,4.33,6.5,1.5,4.4,7.5
25/08/14,Man City,Liverpool,3,1,1.85,4,4.33,1.87,3.9,4,1.85,3.45,4,1.85,3.75,4.2,1.83,4.05,4.43,1.85,3.4,4.33,1.83,3.5,4.33,1.85,4,4.3
30/08/14,Burnley,Man United,0,0,6,4.2,1.62,5.75,4,1.62,5.6,3.9,1.55,5.5,4,1.61,6.11,4.18,1.62,6.5,3.4,1.62,5.75,3.8,1.62,6.25,4,1.62
30/08/14,Everton,Chelsea,3,6,3.75,3.3,2.2,3.5,3.3,2.2,3.6,3.3,2,3.5,3.4,2.2,3.79,3.33,2.19,3.6,2.88,2.25,3.5,3.4,2.1,3.7,3.4,2.15
30/08/14,Man City,Stoke,0,1,1.18,8,18,1.18,6.5,14.5,1.2,5.8,13,1.18,7.5,17,1.2,7.8,17.95,1.2,5.5,21,1.2,7,12,1.2,7,20
30/08/14,Newcastle,Crystal Palace,3,3,1.75,3.75,5.25,1.75,3.5,4.75,1.75,3.5,4.5,1.75,3.6,5,1.74,3.78,5.58,1.75,3.2,5.5,1.73,3.6,5.25,1.75,3.6,5.75
30/08/14,QPR,Sunderland,1,0,2.4,3.25,3.3,2.45,3.2,2.85,2.5,3.3,2.65,2.5,3.25,3,2.43,3.23,3.35,2.5,2.9,3.1,2.38,3.2,3.13,2.45,3.12,3.4
30/08/14,Swansea,West Brom,3,0,1.85,3.6,4.75,1.85,3.4,4.2,1.8,3.5,4.2,1.85,3.6,4.5,1.88,3.66,4.67,1.91,3.1,4.5,1.83,3.5,4.5,1.91,3.6,4.5
30/08/14,West Ham,Southampton,1,3,2.8,3.4,2.7,2.6,3.2,2.7,2.5,3.3,2.65,2.75,3.25,2.75,2.8,3.43,2.69,2.9,2.8,2.75,2.75,3.25,2.6,2.8,3.3,2.75
31/08/14,Aston Villa,Hull,2,1,2.3,3.3,3.5,2.35,3.1,3.1,2.1,3.3,3.3,2.25,3.2,3.6,2.33,3.16,3.63,2.38,2.88,3.4,2.2,3.2,3.5,2.3,3.1,3.7
31/08/14,Leicester,Arsenal,1,1,4.75,3.75,1.83,4.33,3.4,1.83,4.5,3.5,1.75,4.5,3.75,1.83,4.54,3.8,1.87,4.8,3,1.91,4.33,3.5,1.83,4.6,3.75,1.85
31/08/14,Tottenham,Liverpool,0,3,2.7,3.5,2.7,2.7,3.2,2.7,2.6,3.2,2.6,2.7,3.4,2.7,2.69,3.48,2.77,2.7,3,2.8,2.6,3.4,2.63,2.7,3.5,2.7
13/09/14,Arsenal,Man City,2,2,3,3.4,2.5,2.85,3.5,2.5,2.75,3.3,2.4,2.87,3.5,2.5,3.03,3.48,2.48,3,3,2.5,3,3.3,2.38,2.9,3.5,2.5
13/09/14,Chelsea,Swansea,4,2,1.3,5.75,12,1.3,5,9.5,1.3,5,9,1.28,5.5,12,1.32,5.62,12.04,1.3,5,11,1.3,5.5,9.5,1.3,5.5,12
13/09/14,Crystal Palace,Burnley,0,0,2.25,3.3,3.6,2.25,3.2,3.2,2,3.3,3.6,2.1,3.3,3.8,2.23,3.35,3.66,2.25,3.1,3.4,2.2,3.25,3.4,2.25,3.2,3.7
13/09/14,Liverpool,Aston Villa,0,1,1.3,6,11,1.3,5.5,11,1.27,5.2,10,1.3,5.5,11,1.3,5.92,11.85,1.3,5,11,1.29,5.5,9.5,1.3,6,11.5
13/09/14,Southampton,Newcastle,4,0,1.8,3.75,5,1.83,3.3,4.5,1.9,3.45,3.8,1.83,3.6,4.5,1.79,3.78,5.06,1.83,3.2,5,1.73,3.6,4.8,1.83,3.6,5
13/09/14,Stoke,Leicester,0,1,2.1,3.4,4,2.15,3.4,3.25,2,3.3,3.6,2.05,3.3,4,2.1,3.35,4.07,2.15,3.1,3.6,2.1,3.2,3.75,2.15,3.25,4
13/09/14,Sunderland,Tottenham,2,2,3.6,3.5,2.15,3.4,3.2,2.15,3.6,3.3,2,3.6,3.5,2.1,3.71,3.5,2.15,3.4,3.3,2.15,3.5,3.4,2.1,3.75,3.4,2.15
13/09/14,West Brom,Everton,0,2,3.5,3.5,2.2,3.3,3.2,2.2,3.2,3.2,2.2,3.6,3.4,2.1,3.57,3.48,2.21,3.4,3.2,2.2,3.4,3.4,2.1,3.6,3.5,2.15
14/09/14,Man United,QPR,4,0,1.29,6.25,12,1.33,5,11.5,1.27,5.2,10,1.3,5.5,11,1.27,6.33,13.29,1.3,5,11,1.25,5.5,11,1.29,5.75,13
15/09/14,Hull,West Ham,2,2,2.15,3.4,3.75,2.25,3.3,3.4,2.3,3.3,2.9,2.15,3.3,3.6,2.15,3.33,3.91,2.2,3.1,3.5,2.1,3.25,3.6,2.15,3.3,3.9
20/09/14,Aston Villa,Arsenal,0,3,4.75,3.6,1.85,4.2,3.4,1.85,4,3.45,1.85,4.5,3.75,1.8,4.71,3.63,1.88,4.5,3.4,1.83,,,,4.6,3.7,1.87
20/09/14,Burnley,Sunderland,0,0,2.5,3.3,3.1,2.6,3.25,2.9,2.6,3.1,2.7,2.55,3.2,2.9,2.49,3.36,3.12,2.5,3.2,2.8,,,,2.55,3.2,3.12
20/09/14,Newcastle,Hull,2,2,2.2,3.3,3.75,2.25,3.25,3.5,2.15,3.3,3.2,2.15,3.4,3.6,2.14,3.4,3.86,2.2,3.2,3.4,,,,2.2,3.3,3.75
20/09/14,QPR,Stoke,2,2,2.8,3.25,2.8,2.8,3.1,2.8,2.6,3.1,2.7,2.7,3.2,2.8,,,,2.7,3,2.8,,,,2.88,3.1,2.8
20/09/14,Swansea,Southampton,0,1,2.5,3.3,3.1,2.6,3.25,2.9,2.4,3.3,2.75,2.37,3.4,3,2.46,3.34,3.18,2.5,3.25,2.8,,,,2.5,3.3,3.1
20/09/14,West Ham,Liverpool,3,1,4.5,3.8,1.85,4.25,3.8,1.85,4.3,3.6,1.75,4.33,3.8,1.8,4.56,3.89,1.84,4.5,3.3,1.85,,,,4.4,3.9,1.85
21/09/14,Everton,Crystal Palace,2,3,1.4,5,9,1.42,4.1,8.25,1.45,4,7,1.44,4.5,7,1.39,5.09,9.52,1.4,4.5,8,,,,1.4,5,9.5
21/09/14,Leicester,Man United,5,3,5.5,4.2,1.67,4.75,3.8,1.67,5.6,3.9,1.55,5,4,1.66,5.64,4.23,1.65,5.5,3.5,1.67,,,,5.75,4,1.67
21/09/14,Man City,Chelsea,1,1,2.38,3.5,3.1,2.4,3.4,3,2.4,3.3,2.75,2.37,3.4,3,2.39,3.56,3.12,2.4,3.1,3.1,,,,2.5,3.5,3.1
21/09/14,Tottenham,West Brom,0,1,1.53,4.33,7,1.53,4,6,1.5,4,6.1,1.53,4.33,6,1.53,4.39,7.25,1.53,3.75,7,,,,1.53,4.33,7
27/09/14,Arsenal,Tottenham,1,1,1.75,3.9,5,1.8,3.6,4.75,1.8,3.5,4.2,1.8,3.8,4.5,1.8,3.86,4.87,1.8,3.5,4.5,,,,1.8,3.9,4.8
27/09/14,Chelsea,Aston Villa,3,0,1.22,7,16,1.25,5.5,11,1.25,5.5,10.3,1.22,6.5,16,1.22,7.05,16.5,1.25,5.5,12,,,,1.22,7,17
27/09/14,Crystal Palace,Leicester,2,0,2.63,3.4,2.88,2.65,3.1,2.7,2.5,3.2,2.75,2.5,3.4,2.87,2.64,3.37,2.9,2.7,3.1,2.7,,,,2.6,3.4,2.9
27/09/14,Hull,Man City,2,4,6.5,4.2,1.57,5.75,3.8,1.57,5.5,3.8,1.57,6,4.2,1.57,6.79,4.32,1.56,6.5,3.6,1.57,,,,6.5,4.2,1.57
27/09/14,Liverpool,Everton,1,1,1.91,3.75,4.33,1.95,3.6,4,1.8,3.5,4.2,1.85,3.8,4.2,1.96,3.81,4.04,1.91,3.4,4,,,,1.92,3.8,4.1
27/09/14,Man United,West Ham,2,1,1.4,5.5,8,1.4,4.6,7.25,1.35,4.8,7.6,1.36,5.2,8,1.39,5.44,8.41,1.4,4.5,8,,,,1.4,5.4,8
27/09/14,Southampton,QPR,2,1,1.44,4.6,8.5,1.45,4.2,7,1.5,4,6.1,1.47,4.33,7,1.47,4.63,8.14,1.44,4,8,,,,1.45,4.6,8.5
27/09/14,Sunderland,Swansea,0,0,2.9,3.3,2.63,2.8,3.2,2.7,2.6,3.1,2.7,2.6,3.25,2.75,2.96,3.23,2.69,2.7,3.1,2.7,,,,3,3.1,2.7
28/09/14,West Brom,Burnley,4,0,2,3.5,4.2,2,3.4,4,1.9,3.45,3.8,2,3.4,4,2.01,3.46,4.29,2,3.2,4,,,,2,3.4,4.33
29/09/14,Stoke,Newcastle,1,0,2.15,3.4,3.8,2.15,3.3,3.7,2.1,3.2,3.4,2.15,3.3,3.6,2.13,3.42,3.86,2.15,3.2,3.5,,,,2.15,3.3,3.9
04/10/14,Aston Villa,Man City,0,2,7.5,4.5,1.5,6.75,4.2,1.53,5.6,3.9,1.55,6.5,4.33,1.5,8.05,4.57,1.48,7,3.75,1.53,,,,8,4.5,1.5
04/10/14,Hull,Crystal Palace,2,0,2.1,3.5,3.8,2.1,3.2,3.6,2.2,3.3,3.1,2.05,3.4,4,2.12,3.44,3.89,2.1,3.1,3.8,,,,2.1,3.4,3.9
04/10/14,Leicester,Burnley,2,2,1.8,3.75,5,1.8,3.4,4.5,1.75,3.5,4.5,1.8,3.6,5,1.79,3.72,5.16,1.8,3.25,5,,,,1.8,3.7,5
04/10/14,Liverpool,West Brom,2,1,1.44,5,7.5,1.44,4.33,7,1.45,4,7,1.45,4.75,7,1.46,4.78,7.95,1.44,4.33,7,,,,1.45,4.8,8
04/10/14,Sunderland,Stoke,3,1,2.55,3.25,3.1,2.6,3,2.85,2.4,3.15,2.9,2.45,3.2,3.1,2.55,3.23,3.14,2.6,3,2.9,,,,2.55,3.12,3.2
04/10/14,Swansea,Newcastle,2,2,1.91,3.7,4.33,1.91,3.4,4,1.75,3.5,4.5,1.9,3.5,4.33,1.92,3.65,4.44,1.91,3.3,4.2,,,,1.92,3.6,4.4
05/10/14,Chelsea,Arsenal,2,0,1.67,4.2,5.25,1.72,3.75,5.25,1.67,3.6,5,1.66,4,5,1.67,4.1,5.64,1.67,3.6,5.5,,,,1.67,4.1,5.5
05/10/14,Man United,Everton,2,1,1.67,4.2,5.25,1.67,4,5.25,1.7,3.6,4.7,1.66,4,5.25,1.66,4.19,5.62,1.67,3.6,5.5,,,,1.67,4.2,5.4
05/10/14,Tottenham,Southampton,1,0,2.2,3.5,3.5,2.2,3.5,3.3,2.1,3.3,3.3,2.1,3.4,3.6,2.16,3.45,3.73,2.25,3.1,3.4,,,,2.2,3.5,3.5
05/10/14,West Ham,QPR,2,0,1.91,3.6,4.5,1.95,3.4,4.25,1.9,3.45,3.8,1.9,3.5,4.33,1.91,3.61,4.56,1.95,3.3,4,,,,1.95,3.5,4.4
18/10/14,Arsenal,Hull,2,2,1.4,5,9,1.44,4.33,7,1.35,4.8,7.6,1.44,4.5,8,1.44,4.87,8.39,1.44,4,8,,,,1.4,5,8.5
18/10/14,Burnley,West Ham,1,3,2.8,3.4,2.7,2.8,3.2,2.7,2.6,3.2,2.6,2.75,3.3,2.75,2.83,3.37,2.7,2.8,3,2.7,,,,2.88,3.3,2.7
18/10/14,Crystal Palace,Chelsea,1,2,8.5,4.75,1.44,7,4.25,1.44,7.3,4.4,1.4,8.5,4.75,1.4,8.5,4.68,1.45,8,4,1.44,,,,8.5,4.6,1.45
18/10/14,Everton,Aston Villa,3,0,1.6,4,6.5,1.62,3.7,5.5,1.65,3.6,5.1,1.61,4,5.5,1.56,4.29,6.76,1.62,3.6,6,,,,1.62,4,6.5
18/10/14,Man City,Tottenham,4,1,1.45,4.75,8,1.5,4.33,7,1.45,4,7,1.5,4.5,6.5,1.47,4.79,7.77,1.5,4,7,,,,1.5,4.6,7
18/10/14,Newcastle,Leicester,1,0,2.25,3.6,3.3,2.2,3.3,3.25,2.1,3.3,3.3,2.15,3.4,3.5,2.25,3.59,3.31,2.2,3.1,3.5,,,,2.25,3.6,3.3
18/10/14,Southampton,Sunderland,8,0,1.57,4,7,1.62,3.75,5.25,1.65,3.6,5.1,1.61,3.8,6,1.59,4.12,6.79,1.62,3.4,6.5,,,,1.62,4,6.5
19/10/14,QPR,Liverpool,2,3,6,4.2,1.6,5.75,4,1.62,5.1,3.6,1.65,5.5,4,1.61,6.52,4.3,1.58,6,3.6,1.62,,,,6.25,4.2,1.6
19/10/14,Stoke,Swansea,2,1,2.5,3.3,3.1,2.5,3.25,3,2.4,3.2,2.85,2.37,3.3,3.1,2.55,3.31,3.07,2.5,3,3,,,,2.55,3.3,3
20/10/14,West Brom,Man United,2,2,5,4,1.75,4.5,4.1,1.75,4.7,3.6,1.7,5,4,1.7,5.05,3.97,1.75,5,3.4,1.75,,,,5,3.9,1.75
25/10/14,Liverpool,Hull,0,0,1.44,4.75,8,1.45,4.25,7,1.4,4.6,6.8,1.44,4.5,7.5,1.44,4.84,8.29,1.4,4.5,7,,,,1.45,4.75,8
25/10/14,Southampton,Stoke,1,0,1.65,4,6,1.65,3.75,6,1.6,3.8,5.2,1.6,3.8,6,1.65,4.1,5.94,1.6,3.6,5.5,,,,1.62,4,6.5
25/10/14,Sunderland,Arsenal,0,2,5.5,3.8,1.73,5.25,3.7,1.72,4.9,3.7,1.65,5,3.75,1.7,5.21,3.95,1.74,4.8,3.75,1.65,,,,5.4,3.8,1.73
25/10/14,Swansea,Leicester,2,0,1.95,3.7,4.2,1.95,3.6,4,1.85,3.45,4,1.95,3.5,4,1.92,3.72,4.37,1.95,3.5,3.6,,,,1.91,3.7,4.33
25/10/14,West Brom,Crystal Palace,2,2,1.91,3.6,4.5,1.91,3.4,4,1.9,3.45,3.8,1.9,3.4,4,1.89,3.62,4.65,1.85,3.3,4.2,,,,1.87,3.6,4.75
25/10/14,West Ham,Man City,2,1,6.5,4.5,1.55,6,4.2,1.57,5.6,3.9,1.55,5.5,4.33,1.55,6.66,4.71,1.52,5.5,4,1.55,,,,6.5,4.5,1.53
26/10/14,Burnley,Everton,1,3,4.75,3.75,1.83,4.6,3.6,1.85,4.2,3.5,1.8,4.33,3.6,1.83,4.49,3.81,1.87,4.33,3.6,1.75,,,,4.6,3.75,1.85
26/10/14,Man United,Chelsea,1,1,2.88,3.6,2.5,2.75,3.5,2.55,2.6,3.2,2.6,2.8,3.4,2.4,2.92,3.5,2.55,2.88,3.3,2.4,,,,2.9,3.5,2.5
26/10/14,Tottenham,Newcastle,1,2,1.75,3.9,5,1.8,3.75,4.6,1.7,3.6,4.7,1.7,3.8,5,1.76,3.93,5.03,1.7,3.75,4.4,,,,1.75,3.9,5
27/10/14,QPR,Aston Villa,2,0,2.38,3.25,3.4,2.4,3.3,3.1,2.3,3.3,2.9,2.4,3.2,3,2.33,3.32,3.45,2.3,3.1,3.1,,,,2.38,3.25,3.4
01/11/14,Arsenal,Burnley,3,0,1.25,6.5,14,1.28,5.5,9.5,1.3,5,9,1.25,6,13,1.28,6.21,13.23,1.29,5,12,,,,1.29,6,12
01/11/14,Chelsea,QPR,2,1,1.17,8.5,21,1.18,6.25,15,1.17,6.5,14,1.18,7.5,19,1.19,7.8,19.99,1.17,6.5,19,,,,1.18,8,19
01/11/14,Everton,Swansea,0,0,1.75,3.8,5.25,1.75,3.6,4.5,1.72,3.6,4.6,1.75,3.8,5,1.74,3.85,5.39,1.75,3.25,5.5,,,,1.73,3.8,5.4
01/11/14,Hull,Southampton,0,1,3.8,3.6,2.05,3.6,3.3,2.05,3.3,3.3,2.1,3.8,3.5,2.05,4.01,3.61,2.03,3.75,3.1,2.1,,,,4.1,3.6,2
01/11/14,Leicester,West Brom,0,1,2.3,3.5,3.3,2.3,3.3,3,2.2,3.3,3.1,2.25,3.4,3.4,2.35,3.46,3.27,2.38,3.2,3.1,,,,2.38,3.5,3.2
01/11/14,Newcastle,Liverpool,1,0,3.8,3.75,2,3.75,3.5,2.05,3.6,3.3,2,3.75,3.6,2.05,3.77,3.74,2.05,3.8,3.2,2.05,,,,3.8,3.6,2.05
01/11/14,Stoke,West Ham,2,2,2.38,3.4,3.25,2.4,3.2,2.95,2.25,3.2,3.1,2.4,3.4,3.1,2.42,3.37,3.22,2.4,3.1,3.1,,,,2.4,3.4,3.2
02/11/14,Aston Villa,Tottenham,1,2,3.75,3.6,2.1,3.6,3.5,2.1,3.3,3.3,2.1,3.6,3.5,2.1,3.89,3.53,2.08,3.8,3.1,2.1,,,,3.9,3.4,2.1
02/11/14,Man City,Man United,1,0,1.91,3.75,4.33,1.91,3.75,4,1.9,3.3,4,1.95,3.75,3.8,1.9,3.81,4.33,1.91,3.3,4.2,,,,1.95,3.8,4
03/11/14,Crystal Palace,Sunderland,1,3,2.1,3.5,3.8,2.1,3.4,3.7,2.1,3.3,3.3,2.15,3.4,3.6,2.08,3.48,3.96,2.15,3.1,3.6,,,,2.1,3.4,4
08/11/14,Burnley,Hull,1,0,2.5,3.4,3,2.5,3.2,2.8,2.6,3.2,2.6,2.5,3.3,2.9,2.52,3.36,3.07,2.6,3,2.9,,,,2.6,3.25,3
08/11/14,Liverpool,Chelsea,1,2,3.4,3.4,2.3,3.1,3.25,2.3,3.2,3.2,2.2,3.25,3.4,2.3,3.36,3.46,2.31,3.4,3,2.3,,,,3.3,3.5,2.3
08/11/14,Man United,Crystal Palace,1,0,1.3,6,11,1.32,5.5,7.6,1.35,4.8,7.6,1.33,5.5,9.5,1.3,5.87,12,1.33,4.8,10,,,,1.3,6,11.5
08/11/14,QPR,Man City,2,2,7,4.75,1.5,6,4.2,1.5,7,4,1.45,6,4.33,1.53,7.14,4.73,1.5,7,4,1.5,,,,7,4.6,1.5
08/11/14,Southampton,Leicester,2,0,1.44,4.75,8,1.44,4.5,6.5,1.5,4,6.1,1.44,4.5,7.5,1.44,4.83,8.54,1.44,4,8,,,,1.4,4.75,9
08/11/14,West Ham,Aston Villa,0,0,1.75,3.75,5.5,1.75,3.6,4.6,1.75,3.5,4.5,1.75,3.6,5,1.75,3.73,5.52,1.75,3.4,5,,,,1.75,3.75,5.4
09/11/14,Sunderland,Everton,1,1,4,3.5,2.05,3.6,3.3,2.05,3.6,3.3,2,3.6,3.5,2.05,4.07,3.48,2.05,3.8,3.2,2.05,,,,4,3.5,2.05
09/11/14,Swansea,Arsenal,2,1,3.75,3.5,2.1,3.3,3.3,2.15,3.3,3.3,2.1,3.6,3.5,2.05,3.59,3.5,2.19,3.5,3.1,2.2,,,,3.6,3.4,2.2
09/11/14,Tottenham,Stoke,1,2,1.7,4,5.5,1.7,3.6,5,1.6,3.7,5.4,1.66,3.75,5.5,1.69,3.91,5.81,1.7,3.4,5.5,,,,1.7,3.8,5.75
09/11/14,West Brom,Newcastle,0,2,2.3,3.5,3.3,2.3,3.3,3,2.4,3.2,2.85,2.3,3.4,3.1,2.26,3.45,3.47,2.3,3.1,3.3,,,,2.25,3.4,3.5
22/11/14,Arsenal,Man United,1,2,2.15,3.6,3.5,2.2,3.25,3.2,2.3,3.3,2.9,2.2,3.4,3.4,2.16,3.67,3.51,2.2,3,3.6,,,,2.15,3.5,3.6
22/11/14,Chelsea,West Brom,2,0,1.25,6.5,15,1.25,5.75,10.5,1.2,6,12.5,1.22,6.5,15,1.24,6.64,15.21,1.25,5,15,,,,1.25,6.5,15
22/11/14,Everton,West Ham,2,1,1.85,3.8,4.5,1.85,3.6,4,1.75,3.5,4.5,1.83,3.75,4.33,1.85,3.82,4.59,1.91,3,4.8,,,,1.87,3.75,4.5
22/11/14,Leicester,Sunderland,0,0,2.1,3.5,3.8,2.15,3.4,3.2,2.25,3.3,3,2.1,3.4,3.6,2.1,3.51,3.87,2.15,2.9,4,,,,2.15,3.4,3.75
22/11/14,Man City,Swansea,2,1,1.4,5.25,8.5,1.4,4.6,7.5,1.35,4.8,7.6,1.4,5,7.5,1.39,5.36,8.85,1.4,4.33,9,,,,1.4,5,9
22/11/14,Newcastle,QPR,1,0,1.83,3.75,4.75,1.91,3.4,3.9,1.75,3.5,4.5,1.8,3.6,4.5,1.85,3.71,4.75,1.91,3.1,4.5,,,,1.83,3.7,4.8
22/11/14,Stoke,Burnley,1,2,1.7,3.8,5.75,1.72,3.6,4.75,1.65,3.6,5.1,1.73,3.75,5,1.68,3.89,5.9,1.73,3.1,6,,,,1.73,3.75,5.5
23/11/14,Crystal Palace,Liverpool,3,1,4.33,3.7,1.91,3.7,3.6,1.91,4.5,3.5,1.75,4.2,3.6,1.9,4.65,3.74,1.86,4.5,3,1.95,,,,4.4,3.6,1.9
23/11/14,Hull,Tottenham,1,2,3.6,3.4,2.2,3.25,3.3,2.2,3.3,3.3,2.1,3.4,3.4,2.2,3.72,3.46,2.16,3.6,2.87,2.25,,,,3.7,3.4,2.15
24/11/14,Aston Villa,Southampton,1,1,5.25,3.75,1.75,4.33,3.6,1.78,4.2,3.5,1.8,4.5,3.5,1.8,5.54,3.79,1.74,5,3.2,1.8,,,,5.4,3.75,1.75
29/11/14,Burnley,Aston Villa,1,1,2.15,3.4,3.75,2.2,3.2,3.25,2.1,3.3,3.3,2.2,3.25,3.3,2.15,3.38,3.85,2.2,3.1,3.5,,,,2.15,3.25,3.9
29/11/14,Liverpool,Stoke,1,0,1.73,4,5,1.75,4,4.75,1.7,3.6,4.7,1.66,4,5,1.74,3.91,5.31,1.73,3.5,5,,,,1.7,3.9,5.5
29/11/14,Man United,Hull,3,0,1.33,5.75,10,1.36,5.25,9.25,1.25,5.5,10.3,1.28,5.5,10,1.33,5.65,10.75,1.33,5,9,,,,1.33,5.5,10.5
29/11/14,QPR,Leicester,3,2,2.38,3.4,3.25,2.38,3.2,3,2.2,3.3,3.1,2.25,3.4,3.2,2.32,3.41,3.38,2.38,3.1,3.2,,,,2.3,3.4,3.4
29/11/14,Sunderland,Chelsea,0,0,9,5,1.4,8,5,1.4,7.3,4.4,1.4,8,4.33,1.4,10.2,5.12,1.38,8,4.5,1.4,,,,9.5,5,1.36
29/11/14,Swansea,Crystal Palace,1,1,1.8,3.75,5,1.83,3.6,4.1,1.75,3.5,4.5,1.75,3.5,4.8,1.81,3.73,5.04,1.83,3.4,4.5,,,,1.8,3.6,5.2
29/11/14,West Brom,Arsenal,0,1,4.5,3.8,1.85,4.2,3.8,1.9,3.8,3.45,1.9,4.2,3.6,1.85,4.68,3.7,1.86,4.5,3.3,1.85,,,,4.6,3.75,1.85
29/11/14,West Ham,Newcastle,1,0,2.15,3.5,3.6,2.2,3.3,3.3,2.25,3.3,3,2.15,3.4,3.4,2.12,3.54,3.76,2.2,3.1,3.5,,,,2.15,3.5,3.7
30/11/14,Southampton,Man City,0,3,3.2,3.6,2.3,3.2,3.4,2.35,3.1,3.3,2.2,3.1,3.5,2.3,3.08,3.5,2.44,3.2,3,2.38,,,,3.1,3.5,2.4
30/11/14,Tottenham,Everton,2,1,2.25,3.6,3.25,2.35,3.4,3.2,2.3,3.3,2.9,2.3,3.5,3.2,2.24,3.58,3.39,2.38,3,3.2,,,,2.3,3.5,3.3
02/12/14,Burnley,Newcastle,1,1,2.8,3.3,2.75,2.8,3.1,2.75,2.65,3.3,2.5,2.8,3.25,2.62,2.87,3.29,2.72,2.8,3,2.75,,,,2.8,3.2,2.8
02/12/14,Crystal Palace,Aston Villa,0,1,2.1,3.4,4,2.1,3.2,3.6,2,3.3,3.6,2.15,3.3,3.75,2.08,3.42,4.05,2.15,3.1,3.8,,,,2.15,3.25,4
02/12/14,Leicester,Liverpool,1,3,3.8,3.6,2.05,3.6,3.5,2.1,3.6,3.3,2,3.75,3.6,2.05,3.8,3.58,2.09,3.75,3.1,2.1,,,,3.7,3.6,2.1
02/12/14,Man United,Stoke,2,1,1.45,4.5,8.5,1.44,4.25,7.25,1.4,4.4,7.3,1.44,4.5,7.5,1.44,4.7,8.65,1.5,3.6,8,,,,1.45,4.5,8
02/12/14,Swansea,QPR,2,0,1.73,3.8,5.5,1.75,3.5,4.75,1.8,3.5,4.2,1.75,3.75,5,1.72,3.96,5.38,1.75,3.4,5,,,,1.75,3.75,5.4
02/12/14,West Brom,West Ham,1,2,2.5,3.4,3,2.5,3.25,3,2.5,3.3,2.65,2.4,3.3,3,2.54,3.33,3.06,2.5,3,3,,,,2.55,3.3,3
03/12/14,Arsenal,Southampton,1,0,1.8,3.75,5,1.8,3.7,4.75,1.8,3.5,4.2,1.8,3.6,4.5,1.78,3.86,5.02,1.8,3.4,4.6,,,,1.8,3.75,5
03/12/14,Chelsea,Tottenham,3,0,1.4,5,9,1.4,4.75,8.5,1.4,4.4,7.3,1.4,4.75,8,1.44,4.93,8.02,1.4,4.2,9,,,,1.44,4.8,8
03/12/14,Everton,Hull,1,1,1.53,4.33,7,1.55,3.8,6,1.55,4,5.5,1.55,4,6,1.5,4.41,7.8,1.55,3.6,7,,,,1.55,4,7
03/12/14,Sunderland,Man City,1,4,7.5,4.5,1.5,7,4.1,1.53,6.1,4,1.5,6,4.33,1.53,7.23,4.67,1.5,6.5,3.8,1.53,,,,7,4.4,1.5
06/12/14,Hull,West Brom,0,0,2.45,3.3,3.2,2.5,3.1,2.85,2.3,3.2,3,2.37,3.3,3.2,2.4,3.29,3.33,2.45,3.1,3.1,,,,2.45,3.25,3.25
06/12/14,Liverpool,Sunderland,0,0,1.5,4.5,7.5,1.53,4.1,7,1.6,3.7,5.4,1.53,4.2,6.5,1.52,4.46,7.25,1.53,4,6,,,,1.5,4.4,8
06/12/14,Man City,Everton,1,0,1.5,4.75,7,1.53,4.5,6,1.57,3.8,5.5,1.53,4.5,6,1.52,4.75,6.68,1.53,4,6,,,,1.5,4.5,6.5
06/12/14,Newcastle,Chelsea,2,1,7,4.33,1.53,6.75,4,1.55,5.5,3.8,1.57,7,4,1.55,6.88,4.37,1.55,6.5,4,1.55,,,,7,4.3,1.53
06/12/14,QPR,Burnley,2,0,2.05,3.5,4,2.1,3.2,3.5,2.1,3.3,3.3,2.1,3.4,3.8,2.08,3.38,4.1,2.1,3.25,3.6,,,,2.05,3.4,4
06/12/14,Stoke,Arsenal,3,2,4,3.6,2,3.75,3.3,2,3.8,3.45,1.9,4,3.5,2,4.2,3.48,2.02,4,3.2,2,,,,4.2,3.5,2
06/12/14,Tottenham,Crystal Palace,0,0,1.6,4.2,6,1.62,3.75,5.25,1.57,3.8,5.5,1.61,4,5.5,1.62,4.19,6.13,1.62,3.6,6,,,,1.62,4.2,6
07/12/14,Aston Villa,Leicester,2,1,2.4,3.4,3.2,2.4,3.2,3.2,2.2,3.3,3.1,2.3,3.3,3.3,2.37,3.4,3.28,2.4,3.1,3.1,,,,2.45,3.3,3.2
07/12/14,West Ham,Swansea,3,1,2.35,3.4,3.25,2.4,3.4,3,2.2,3.3,3.1,2.37,3.3,3.1,2.42,3.43,3.17,2.4,3.1,3.1,,,,2.38,3.4,3.25
08/12/14,Southampton,Man United,1,2,2.8,3.4,2.7,2.8,3.25,2.7,2.9,3.3,2.3,2.8,3.4,2.5,2.8,3.45,2.68,2.8,3.25,2.7,,,,2.8,3.4,2.7
13/12/14,Arsenal,Newcastle,4,1,1.44,4.75,8,1.45,4.33,6.5,1.45,4,7,1.45,4.5,7,1.45,4.95,7.88,1.44,4,8,,,,1.45,4.8,8
13/12/14,Burnley,Southampton,1,0,5.5,3.75,1.73,4.75,3.5,1.75,4.2,3.5,1.8,5,3.5,1.8,5.55,3.8,1.74,5,3.4,1.75,,,,5.25,3.6,1.8
13/12/14,Chelsea,Hull,2,0,1.18,8,18,1.18,6.25,15.5,1.17,6.5,14,1.16,7.5,19,1.18,7.92,20.96,1.2,6,15,,,,1.18,7.5,21
13/12/14,Crystal Palace,Stoke,1,1,2.6,3.25,3,2.62,3.25,2.85,2.5,3.2,2.75,2.5,3.2,3,2.57,3.29,3.06,2.62,3,2.9,,,,2.62,3.2,3
13/12/14,Leicester,Man City,0,1,7,4.75,1.5,5.5,4.6,1.5,7,4,1.45,6.5,4.5,1.5,6.77,4.74,1.51,6,4.33,1.5,,,,7,4.75,1.5
13/12/14,Sunderland,West Ham,1,1,2.95,3.4,2.55,2.85,3.25,2.62,2.6,3.2,2.6,2.8,3.3,2.6,2.98,3.41,2.55,2.9,3,2.62,,,,3,3.3,2.62
13/12/14,West Brom,Aston Villa,1,0,2.15,3.4,3.8,2.15,3.25,3.4,2.3,3.2,3,2.15,3.3,3.5,2.14,3.37,3.92,2.15,3.1,3.6,,,,2.15,3.3,3.9
14/12/14,Man United,Liverpool,3,0,1.8,3.8,4.75,1.85,3.6,4.5,1.8,3.5,4.2,1.8,3.8,4.33,1.83,3.94,4.55,1.85,3.3,4.5,,,,1.85,3.75,4.6
14/12/14,Swansea,Tottenham,1,2,2.5,3.4,3,2.5,3.25,2.75,2.6,3.2,2.6,2.5,3.4,2.8,2.5,3.47,3.02,2.5,3,3,,,,2.5,3.4,3
15/12/14,Everton,QPR,3,1,1.45,4.5,8.5,1.45,4.25,6.75,1.5,4,6.1,1.44,4.5,7.5,1.47,4.65,7.9,1.44,4,8,,,,1.45,4.5,8.5
20/12/14,Aston Villa,Man United,1,1,6.25,4,1.62,6,3.9,1.62,5.4,3.7,1.6,6,4,1.6,6.25,4.2,1.61,6,3.6,1.62,,,,6.5,4,1.62
20/12/14,Hull,Swansea,0,1,3.1,3.3,2.5,2.9,3.25,2.6,2.75,3.2,2.5,2.87,3.2,2.6,3.08,3.33,2.53,2.8,3.1,2.6,,,,3.1,3.25,2.55
20/12/14,Man City,Crystal Palace,3,0,1.29,6,12,1.3,5.5,11,1.3,5,9,1.3,5.5,10,1.31,5.7,12.44,1.3,5,11,,,,1.3,5.75,12
20/12/14,QPR,West Brom,3,2,2.45,3.3,3.2,2.45,3.3,3,2.4,3.2,2.85,2.3,3.3,3.2,2.48,3.37,3.13,2.5,3.2,2.8,,,,2.45,3.3,3.2
20/12/14,Southampton,Everton,3,0,2.45,3.5,3,2.5,3.4,2.9,2.3,3.3,2.9,2.45,3.3,3,2.47,3.46,3.06,2.5,3.2,2.8,,,,2.45,3.3,3.1
20/12/14,Tottenham,Burnley,2,1,1.5,4.5,7.5,1.5,4.1,6.25,1.5,4,6.1,1.53,4.2,6.5,1.49,4.63,7.52,1.5,4,7,,,,1.5,4.5,7.5
20/12/14,West Ham,Leicester,2,0,1.75,3.9,5,1.75,3.5,4.75,1.65,3.7,4.9,1.7,3.75,5.5,1.72,4.03,5.2,1.73,3.5,5,,,,1.73,3.9,5.4
21/12/14,Liverpool,Arsenal,2,2,2.8,3.5,2.6,2.75,3.4,2.62,2.65,3.3,2.5,2.8,3.4,2.5,2.78,3.59,2.62,2.8,3.1,2.62,,,,2.8,3.5,2.63
21/12/14,Newcastle,Sunderland,0,1,2.05,3.5,4,2.1,3.4,3.75,2,3.3,3.6,2,3.4,4,2.1,3.44,3.97,2.1,3.2,3.6,,,,2.1,3.4,4
22/12/14,Stoke,Chelsea,0,2,6.25,4,1.62,5.75,3.75,1.67,5,3.9,1.6,6,4,1.57,6.21,4.1,1.62,6,3.4,1.67,,,,6.5,4,1.62
26/12/14,Arsenal,QPR,2,1,1.29,6,13,1.29,5.5,9.25,1.28,5.5,9,1.29,5.5,11,1.28,6.4,12.51,1.28,5,11,,,,1.29,6,12
26/12/14,Burnley,Liverpool,0,1,4.75,3.8,1.8,4.2,3.5,1.83,4,3.45,1.85,4.5,3.6,1.83,4.8,3.97,1.79,4.2,3.75,1.8,,,,4.75,3.75,1.83
26/12/14,Chelsea,West Ham,2,0,1.33,5.75,10,1.33,5,8.75,1.33,5,8,1.33,5.25,9,1.35,5.56,10.33,1.33,5,9,,,,1.33,5.5,11
26/12/14,Crystal Palace,Southampton,1,3,3.75,3.4,2.15,3.3,3.2,2.2,3.2,3.2,2.2,3.5,3.3,2.2,3.66,3.4,2.21,3.5,3.1,2.2,,,,3.9,3.3,2.15
26/12/14,Everton,Stoke,0,1,1.83,3.6,5,1.83,3.4,4.33,1.75,3.5,4.5,1.75,3.6,5,1.83,3.65,5.03,1.8,3.5,4.5,,,,1.83,3.6,5
26/12/14,Leicester,Tottenham,1,2,3.8,3.6,2.05,3.5,3.4,2.05,3.7,3.35,1.95,3.75,3.5,2.05,3.75,3.55,2.12,3.75,3.1,2.1,,,,3.7,3.5,2.1
26/12/14,Man United,Newcastle,3,1,1.4,5,9,1.4,4.5,7.5,1.35,4.8,7.6,1.4,4.75,8,1.38,5.28,9.25,1.4,4.33,8,,,,1.36,5,9.5
26/12/14,Sunderland,Hull,1,3,2.05,3.4,4.2,2.05,3.2,3.75,2,3.3,3.6,2.05,3.3,4,2.06,3.37,4.22,2.05,3.2,3.75,,,,2.05,3.3,4.3
26/12/14,Swansea,Aston Villa,1,0,1.75,3.75,5.25,1.78,3.4,4.75,1.75,3.5,4.5,1.75,3.5,5,1.77,3.74,5.32,1.73,3.5,5,,,,1.73,3.75,5.5
26/12/14,West Brom,Man City,1,3,6.5,4.5,1.53,5.5,4.2,1.53,7,4,1.45,6.5,4,1.53,6.65,4.45,1.55,7,4,1.5,,,,7,4.3,1.53
28/12/14,Aston Villa,Sunderland,0,0,2.35,3.3,3.4,2.35,3.1,3.1,2.3,3.1,3.1,2.3,3.2,3.2,2.33,3.26,3.5,2.4,3.1,3.1,,,,2.38,3.25,3.4
28/12/14,Hull,Leicester,0,1,2.25,3.4,3.5,2.25,3.25,3.1,2.2,3.2,3.2,2.2,3.25,3.3,2.28,3.38,3.5,2.25,3.2,3.3,,,,2.3,3.3,3.5
28/12/14,Man City,Burnley,2,2,1.18,8,19,1.18,6.5,15.5,1.17,6.5,14,1.18,7,15,1.16,8.55,22.5,1.17,6.5,19,,,,1.15,8.5,21
28/12/14,Newcastle,Everton,3,2,2.9,3.4,2.6,2.8,3.3,2.6,2.75,3.3,2.4,2.6,3.4,2.6,2.98,3.42,2.55,2.8,3.1,2.62,,,,3,3.4,2.5
28/12/14,QPR,Crystal Palace,0,0,2.38,3.4,3.25,2.4,3.3,2.85,2.3,3.3,2.9,2.25,3.3,3.2,2.47,3.34,3.15,2.4,3.1,3.1,,,,2.45,3.3,3.2
28/12/14,Southampton,Chelsea,1,1,4.75,3.75,1.83,4.6,3.6,1.83,4.5,3.5,1.75,4.5,3.75,1.8,4.83,3.65,1.85,4.5,3.3,1.85,,,,5,3.6,1.83
28/12/14,Stoke,West Brom,2,0,1.91,3.6,4.5,1.91,3.6,3.7,1.9,3.45,3.8,1.83,3.5,4.33,1.9,3.51,4.78,1.91,3.1,4.5,,,,1.93,3.5,4.5
28/12/14,Tottenham,Man United,0,0,3.25,3.6,2.3,3.1,3.5,2.3,3.1,3.2,2.25,3,3.5,2.25,3.25,3.62,2.29,3.3,3.2,2.25,,,,3.25,3.5,2.3
28/12/14,West Ham,Arsenal,1,2,3.5,3.5,2.2,3.1,3.4,2.2,3.3,3.3,2.1,3.4,3.6,2.05,3.53,3.64,2.17,3.3,3.3,2.2,,,,3.5,3.6,2.15
29/12/14,Liverpool,Swansea,4,1,1.7,4,5.5,1.7,4,5,1.67,3.55,5,1.67,3.8,5,1.71,3.91,5.55,1.73,3.5,5,,,,1.7,4,5.5
01/01/15,Aston Villa,Crystal Palace,0,0,2.4,3.3,3.3,2.4,3.2,2.9,2.4,3.1,2.95,2.38,3.25,3.3,2.43,3.24,3.33,2.4,3.1,3.1,,,,2.4,3.2,3.4
01/01/15,Hull,Everton,2,0,3.4,3.4,2.3,3,3.3,2.3,2.9,3.3,2.3,3.4,3.25,2.3,3.44,3.39,2.3,3.2,3.2,2.3,,,,3.5,3.3,2.3
01/01/15,Liverpool,Leicester,2,2,1.4,5,9,1.4,5,7.75,1.4,4.4,7.3,1.44,4.5,8,1.42,5.04,8.38,1.4,4.5,8,,,,1.4,5,8.5
01/01/15,Man City,Sunderland,3,2,1.22,7,15,1.25,6,10,1.25,5.5,10.3,1.25,6,13,1.25,6.87,13.85,1.25,5,15,,,,1.25,6.5,15
01/01/15,Newcastle,Burnley,3,3,1.83,3.75,4.75,1.8,3.5,4.33,1.8,3.5,4.2,1.75,3.75,5,1.83,3.74,4.88,1.73,3.8,4.5,,,,1.83,3.75,4.8
01/01/15,QPR,Swansea,1,1,3,3.4,2.5,2.75,3.2,2.55,2.65,3.3,2.5,3,3.3,2.5,3.02,3.44,2.51,3,3,2.5,,,,3,3.3,2.55
01/01/15,Southampton,Arsenal,2,0,2.9,3.4,2.6,2.8,3.3,2.6,2.75,3.2,2.5,2.88,3.4,2.5,2.91,3.42,2.6,3,3,2.5,,,,3,3.3,2.55
01/01/15,Stoke,Man United,1,1,4.2,3.5,2,4,3.4,2,3.7,3.35,1.95,4,3.5,1.95,4.12,3.5,2.03,4,3.3,1.95,,,,4,3.5,2.05
01/01/15,Tottenham,Chelsea,5,3,5,3.75,1.8,4.25,3.6,1.8,4,3.45,1.85,4.5,3.6,1.8,4.86,3.92,1.79,5,3.25,1.8,,,,5,3.75,1.8
01/01/15,West Ham,West Brom,1,1,1.85,3.75,4.5,1.8,3.6,4.2,1.85,3.45,4,1.83,3.6,4.5,1.88,3.71,4.56,1.85,3.3,4.5,,,,1.85,3.7,4.6
10/01/15,Burnley,QPR,2,1,2.2,3.4,3.6,2.2,3.25,3.25,2.2,3.2,3.2,2.2,3.3,3.4,2.16,3.47,3.7,2.2,3.3,3.3,,,,2.2,3.4,3.6
10/01/15,Chelsea,Newcastle,2,0,1.2,7.5,17,1.2,6,14.5,1.22,5.5,12,1.2,6.5,17,1.2,7.5,17.8,1.22,5.5,15,,,,1.2,7.5,18
10/01/15,Crystal Palace,Tottenham,2,1,3.5,3.5,2.2,3.4,3.3,2.3,3.3,3.3,2.1,3.6,3.4,2.15,3.69,3.42,2.19,3.3,3.3,2.2,,,,3.6,3.4,2.2
10/01/15,Everton,Man City,1,1,4.5,3.75,1.85,4,3.4,1.9,3.8,3.45,1.9,4.33,3.75,1.85,4.52,3.81,1.86,4.33,3.3,1.91,,,,4.2,3.75,1.92
10/01/15,Leicester,Aston Villa,1,0,2.2,3.4,3.6,2.2,3.2,3.3,2.3,3.3,2.9,2.2,3.25,3.5,2.18,3.29,3.89,2.2,3.1,3.5,,,,2.2,3.25,3.8
10/01/15,Sunderland,Liverpool,0,1,4.5,3.6,1.91,3.8,3.5,1.91,4,3.45,1.85,4,3.5,1.95,4.58,3.59,1.91,4.33,3.2,1.95,,,,4.4,3.5,1.95
10/01/15,Swansea,West Ham,1,1,2.25,3.5,3.4,2.25,3.2,3.2,2.2,3.2,3.2,2.3,3.4,3.2,2.24,3.42,3.55,2.3,3.2,3.2,,,,2.25,3.4,3.5
10/01/15,West Brom,Hull,1,0,2.05,3.4,4.2,2.05,3.4,3.5,2,3.3,3.6,2.05,3.25,4,2.04,3.32,4.4,2.05,3.1,4,,,,2.05,3.4,4.1
11/01/15,Arsenal,Stoke,3,0,1.44,4.75,8,1.48,4.5,7.5,1.45,4,7,1.5,4.33,7,1.47,4.58,8.17,1.44,4.2,8,,,,1.5,4.5,8
11/01/15,Man United,Southampton,0,1,1.83,3.75,4.75,1.87,3.8,4.25,1.7,3.6,4.7,1.83,3.6,4.5,1.85,3.7,4.8,1.85,3.4,4.5,,,,1.83,3.7,4.8
17/01/15,Aston Villa,Liverpool,0,2,4.5,3.6,1.91,4,3.4,1.91,3.8,3.45,1.9,4.5,3.5,1.85,4.88,3.55,1.88,4.33,3.3,1.91,,,,4.75,3.4,1.91
17/01/15,Burnley,Crystal Palace,2,3,2.55,3.25,3.1,2.55,3.25,2.9,2.4,3.2,2.85,2.4,3.2,3.2,2.57,3.22,3.13,2.5,3.2,2.9,,,,2.55,3.2,3.12
17/01/15,Leicester,Stoke,0,1,2.63,3.3,2.9,2.62,3.25,2.65,2.5,3.2,2.75,2.62,3.25,2.8,2.61,3.27,3.02,2.62,3.1,2.8,,,,2.62,3.2,3
17/01/15,Newcastle,Southampton,1,2,3.3,3.3,2.38,2.9,3.25,2.4,3.2,3.2,2.2,3.2,3.4,2.3,3.32,3.36,2.38,3.1,3.1,2.4,,,,3.3,3.3,2.4
17/01/15,QPR,Man United,0,2,6,4.2,1.62,4.75,4,1.65,5,3.9,1.6,5.25,4,1.66,6.29,4.13,1.62,5.5,3.6,1.67,,,,6,4.2,1.62
17/01/15,Swansea,Chelsea,0,5,7,4.2,1.55,6,3.9,1.55,5.6,3.9,1.55,6.5,4,1.57,7.17,4.15,1.56,7,3.6,1.57,,,,7,4.1,1.57
17/01/15,Tottenham,Sunderland,2,1,1.62,4.2,6,1.62,3.9,5,1.55,3.9,5.6,1.61,4,5.5,1.59,4.26,6.4,1.62,3.6,6,,,,1.6,4.2,6.25
18/01/15,Man City,Arsenal,0,2,1.8,4,4.5,1.8,3.7,4.1,1.8,3.5,4.2,1.8,3.8,4.5,1.8,4.06,4.57,1.83,3.8,4,,,,1.8,4,4.5
18/01/15,West Ham,Hull,3,0,1.75,3.75,5.25,1.75,3.5,4.75,1.75,3.5,4.5,1.7,3.75,5.5,1.79,3.62,5.4,1.75,3.5,5,,,,1.75,3.7,5.5
19/01/15,Everton,West Brom,0,0,1.85,3.6,4.75,1.85,3.4,4.2,1.8,3.5,4.2,1.75,3.6,5,1.85,3.67,4.84,1.85,3.4,4.5,,,,1.85,3.6,4.8
31/01/15,Chelsea,Man City,1,1,2.15,3.5,3.6,2.15,3.4,3.5,1.9,3.45,3.8,2.15,3.4,3.6,2.16,3.52,3.66,2.15,3.2,3.6,,,,2.2,3.4,3.6
31/01/15,Crystal Palace,Everton,0,1,2.8,3.3,2.75,2.8,3.1,2.75,2.6,3.2,2.6,2.75,3.25,2.62,2.8,3.24,2.82,2.7,3.1,2.7,,,,2.8,3.2,2.8
31/01/15,Hull,Newcastle,0,3,2.7,3.25,2.88,2.7,3.2,2.8,2.5,3.2,2.75,2.62,3.1,2.9,2.65,3.23,3,2.7,3.1,2.7,,,,2.7,3.12,3
31/01/15,Liverpool,West Ham,2,0,1.67,4,5.75,1.7,3.8,4.5,1.6,3.7,5.4,1.7,4,5,1.65,4.2,5.67,1.7,3.4,5.5,,,,1.67,4.1,5.5
31/01/15,Man United,Leicester,3,1,1.36,5.5,9.5,1.36,5,7.5,1.3,5,9,1.36,5,9,1.36,5.28,10.15,1.36,4.5,10,,,,1.36,5.25,10
31/01/15,Stoke,QPR,3,1,1.65,4,6,1.7,3.8,4.5,1.65,3.6,5.1,1.66,3.75,5.5,1.65,4.01,6.09,1.7,3.4,5.5,,,,1.62,4,6.5
31/01/15,Sunderland,Burnley,2,0,2.25,3.3,3.6,2.25,3.2,3.2,2.1,3.2,3.4,2.15,3.25,3.75,2.25,3.32,3.64,2.25,3.1,3.4,,,,2.25,3.3,3.6
31/01/15,West Brom,Tottenham,0,3,2.9,3.3,2.63,2.75,3.1,2.62,2.75,3.2,2.5,2.9,3.25,2.5,2.88,3.26,2.73,2.8,3.1,2.62,,,,2.9,3.25,2.7
01/02/15,Arsenal,Aston Villa,5,0,1.25,6.5,15,1.28,6,11,1.27,5.2,10,1.25,6,13,1.27,6.21,14.32,1.29,5,12,,,,1.29,5.75,13
01/02/15,Southampton,Swansea,0,1,1.6,4,6.5,1.62,3.9,6,1.65,3.6,5.1,1.61,3.75,6,1.62,3.99,6.62,1.62,3.6,6,,,,1.6,3.9,7
07/02/15,Aston Villa,Chelsea,1,2,10,5.25,1.36,9,4.4,1.36,7.6,4.8,1.35,10.5,4.75,1.36,10.8,4.92,1.38,9.5,4.5,1.36,,,,10.5,4.6,1.4
07/02/15,Everton,Liverpool,0,0,3.4,3.4,2.3,3.2,3.4,2.3,3.1,3.3,2.2,3.2,3.4,2.3,3.36,3.47,2.3,3.3,3.1,2.3,,,,3.4,3.4,2.3
07/02/15,Leicester,Crystal Palace,0,1,2.4,3.3,3.25,2.4,3.25,2.9,2.3,3.3,2.9,2.37,3.3,3.25,2.42,3.29,3.3,2.4,3.1,3.1,,,,2.45,3.25,3.25
07/02/15,Man City,Hull,1,1,1.18,8,19,1.19,6.5,13.5,1.2,5.8,13,1.2,7,17,1.19,8,18,1.2,6,17,,,,1.2,7.5,19
07/02/15,QPR,Southampton,0,1,4.75,3.6,1.85,4.2,3.4,1.85,4,3.45,1.85,4.33,3.5,1.9,4.62,3.63,1.89,4.5,3.4,1.85,,,,4.75,3.6,1.87
07/02/15,Swansea,Sunderland,1,1,1.91,3.5,4.6,1.9,3.4,4,1.9,3.45,3.8,1.95,3.4,4.33,1.91,3.48,4.78,1.91,3.1,4.5,,,,1.92,3.4,4.75
07/02/15,Tottenham,Arsenal,2,1,3.25,3.5,2.3,3.1,3.2,2.3,3.1,3.3,2.2,3.1,3.5,2.3,3.2,3.64,2.31,3.3,3.1,2.3,,,,3.25,3.5,2.3
08/02/15,Burnley,West Brom,2,2,2.6,3.25,3,2.6,3.2,2.7,2.5,3.3,2.65,2.62,3.1,3,2.6,3.28,3.02,2.62,3.1,2.8,,,,2.62,3.2,3
08/02/15,Newcastle,Stoke,1,1,2.3,3.4,3.4,2.3,3.2,3.1,2.3,3.3,2.9,2.3,3.3,3.4,2.28,3.34,3.54,2.3,3.2,3.2,,,,2.3,3.3,3.5
08/02/15,West Ham,Man United,1,1,4.2,3.6,1.95,3.75,3.25,2,3.8,3.45,1.9,4,3.5,1.95,4.1,3.72,1.97,4,3.2,2,,,,3.7,3.7,2
10/02/15,Arsenal,Leicester,2,1,1.29,6,12,1.29,5.5,11.5,1.3,5,9,1.3,5.5,10.5,1.29,6.14,12.21,1.29,5,11,,,,1.29,5.75,12
10/02/15,Hull,Aston Villa,2,0,2.38,3.1,3.5,2.3,3.2,3.4,2.3,3.1,3.1,2.3,3.1,3.5,2.34,3.16,3.63,2.3,3,3.4,,,,2.3,3.1,3.75
10/02/15,Liverpool,Tottenham,3,2,1.91,3.8,4.2,1.91,3.75,4,1.9,3.45,3.8,1.91,3.75,4,1.92,3.84,4.19,1.91,3.3,4.2,,,,1.93,3.8,4.1
10/02/15,Sunderland,QPR,0,2,1.91,3.6,4.5,1.91,3.5,4.25,1.9,3.45,3.8,1.87,3.5,4.5,1.9,3.69,4.5,1.91,3.3,4.33,,,,1.93,3.5,4.6
11/02/15,Chelsea,Everton,1,0,1.33,5.5,11,1.33,5,8.25,1.33,4.8,8.3,1.33,5,9,1.33,5.68,11.14,1.33,4.8,10,,,,1.33,5.5,10.5
11/02/15,Crystal Palace,Newcastle,1,1,2.38,3.3,3.3,2.4,3.1,3,2.3,3.3,2.9,2.38,3.2,3.2,2.35,3.35,3.38,2.3,3.2,3.2,,,,2.4,3.2,3.4
11/02/15,Man United,Burnley,3,1,1.29,6,12,1.3,5.75,8,1.27,5.2,10,1.3,5.5,10,1.31,5.98,11.42,1.3,5,11,,,,1.29,5.75,13
11/02/15,Southampton,West Ham,0,0,1.73,3.9,5.25,1.72,3.7,4.5,1.7,3.6,4.7,1.75,3.75,4.6,1.71,3.9,5.57,1.73,3.5,5,,,,1.7,3.9,5.5
11/02/15,Stoke,Man City,1,4,5.75,3.8,1.7,5,3.6,1.7,4.7,3.6,1.7,5,3.75,1.7,5.64,3.98,1.69,5.5,3.5,1.7,,,,5.5,3.8,1.73
11/02/15,West Brom,Swansea,2,0,2.55,3.25,3.1,2.55,3.2,2.75,2.4,3.1,2.9,2.5,3.2,2.9,2.48,3.27,3.21,2.5,3,3.1,,,,2.5,3.2,3.2
21/02/15,Aston Villa,Stoke,1,2,2.7,3.2,2.9,2.65,3.1,2.7,2.6,3.1,2.7,2.6,3.2,2.9,2.64,3.25,3.01,2.7,3,2.75,,,,2.62,3.2,3
21/02/15,Chelsea,Burnley,1,1,1.2,7.5,17,1.2,6.25,12.5,1.2,5.8,13,1.18,7,17,1.21,7.45,17.66,1.2,6,17,,,,1.2,7,19
21/02/15,Crystal Palace,Arsenal,1,2,4.75,3.75,1.83,4.1,3.6,1.83,4.2,3.5,1.8,5,3.75,1.75,4.93,3.73,1.82,5,3.1,1.85,,,,4.8,3.7,1.83
21/02/15,Hull,QPR,2,1,2.05,3.3,4.2,2.05,3.25,3.6,2.1,3.2,3.4,2.05,3.3,4,2.08,3.46,3.99,2.1,3.1,3.75,,,,2.05,3.3,4.2
21/02/15,Man City,Newcastle,5,0,1.3,6,11,1.3,5.25,9,1.3,5,9,1.3,5.5,11,1.3,6.07,11.7,1.3,4.5,13,,,,1.29,6,12
21/02/15,Sunderland,West Brom,0,0,2.7,3.2,2.9,2.7,3,2.75,2.4,3.1,2.95,2.5,3.2,3,2.67,3.2,2.99,2.75,2.9,2.8,,,,2.75,3,3
21/02/15,Swansea,Man United,2,1,4.2,3.5,2,3.6,3.4,2,3.6,3.3,2,4,3.5,2,3.97,3.56,2.05,4,3.2,2,,,,4.1,3.6,2
22/02/15,Everton,Leicester,2,2,1.83,3.6,5,1.83,3.5,4.2,1.7,3.6,4.7,1.83,3.6,4.5,1.86,3.62,4.84,1.83,3.2,4.8,,,,1.83,3.7,4.8
22/02/15,Southampton,Liverpool,0,2,2.63,3.3,2.9,2.6,3.25,2.65,2.6,3.2,2.6,2.45,3.3,3,2.5,3.38,3.09,2.62,3.1,2.75,,,,2.55,3.3,3
22/02/15,Tottenham,West Ham,2,2,1.8,3.8,4.75,1.83,3.6,4,1.75,3.5,4.5,1.83,3.6,4.33,1.83,4.02,4.46,1.83,3.2,4.8,,,,1.8,3.9,4.75
28/02/15,Burnley,Swansea,0,1,2.63,3.3,2.9,2.6,3.25,2.9,2.6,3.2,2.6,2.7,3.3,2.7,2.62,3.35,2.94,2.7,3.1,2.75,,,,2.62,3.3,2.9
28/02/15,Man United,Sunderland,2,0,1.36,5.25,10,1.36,5,9.25,1.35,4.8,7.6,1.4,4.5,9.5,1.36,5.25,10.35,1.4,4,11,,,,1.36,5.25,10
28/02/15,Newcastle,Aston Villa,1,0,1.95,3.5,4.5,2,3.4,4,1.9,3.45,3.8,1.95,3.4,4.33,1.96,3.41,4.63,2,3.1,4.2,,,,1.95,3.5,4.4
28/02/15,Stoke,Hull,1,0,1.91,3.5,4.75,1.95,3.4,3.8,1.9,3.45,3.8,1.9,3.4,4.5,1.95,3.44,4.6,2,3.1,4.2,,,,1.95,3.4,4.6
28/02/15,West Brom,Southampton,1,0,3.4,3.2,2.38,3.5,3.2,2.25,2.95,3.2,2.35,3.3,3.2,2.37,3.48,3.24,2.36,3.1,3.1,2.4,,,,3.3,3.25,2.4
28/02/15,West Ham,Crystal Palace,1,3,2.15,3.4,3.75,2.15,3.4,3.5,2.1,3.3,3.3,1.95,3.5,3.9,2.14,3.4,3.86,2.15,3.1,3.6,,,,2.15,3.4,3.8
01/03/15,Arsenal,Everton,2,0,1.57,4.5,6,1.57,4.2,6,1.55,4,5.5,1.55,4.33,6.5,1.55,4.47,6.6,1.57,3.75,6.5,,,,1.57,4.3,6.5
01/03/15,Liverpool,Man City,2,1,3.1,3.6,2.38,3,3.4,2.4,2.75,3.3,2.4,3.1,3.5,2.3,3.16,3.59,2.36,3.1,3.1,2.4,,,,3.1,3.5,2.4
03/03/15,Aston Villa,West Brom,2,1,2.88,3.1,2.88,2.8,3.1,2.8,2.6,3.1,2.7,2.75,3.1,2.87,2.82,3.14,2.88,2.8,3,2.7,,,,2.9,3,2.88
03/03/15,Hull,Sunderland,1,1,2.15,3.3,3.9,2.15,3.2,3.75,2.2,3.1,3.3,2.15,3.3,3.8,2.22,3.24,3.82,2.1,3.1,3.8,,,,2.2,3.2,3.9
03/03/15,Southampton,Crystal Palace,1,0,1.7,3.8,5.75,1.7,3.6,5,1.7,3.6,4.7,1.7,3.75,5.5,1.71,3.79,5.86,1.7,3.3,6,,,,1.7,3.7,6
04/03/15,Liverpool,Burnley,2,0,1.36,5.25,10,1.36,5,9.25,1.35,4.8,7.6,1.36,5,8.5,1.4,5.16,9.14,1.36,4.33,9.5,,,,1.36,5.25,9.5
04/03/15,Man City,Leicester,2,0,1.25,7,13,1.25,6.5,11.5,1.25,5.5,10.3,1.25,6,12,1.26,6.63,12.62,1.25,5.5,13,,,,1.25,6.5,13
04/03/15,Newcastle,Man United,0,1,4.2,3.5,2,4,3.4,2,3.8,3.45,1.9,3.8,3.5,2,4.14,3.54,2.01,4.2,3.1,2,,,,4.2,3.5,2
04/03/15,QPR,Arsenal,1,2,7,4.33,1.53,6,4.33,1.55,5.6,3.9,1.55,6,4.2,1.55,6.62,4.57,1.54,7,3.8,1.53,,,,6.5,4.4,1.55
04/03/15,Stoke,Everton,2,0,2.5,3.3,3.1,2.5,3.2,2.8,2.5,3.2,2.75,2.4,3.3,3.1,2.44,3.36,3.2,2.5,3.1,3,,,,2.55,3.2,3.12
04/03/15,Tottenham,Swansea,3,2,1.75,3.8,5.25,1.75,3.5,4.75,1.7,3.6,4.7,1.75,3.8,4.8,1.74,3.99,5.15,1.75,3.4,5,,,,1.75,3.8,5.2
04/03/15,West Ham,Chelsea,0,1,6.25,4,1.62,5.75,4.1,1.62,5.1,3.6,1.65,6,4,1.61,6.25,4.18,1.61,5,4,1.62,,,,6,4,1.65
07/03/15,QPR,Tottenham,1,2,4.75,3.9,1.8,4.5,3.8,1.8,4,3.45,1.85,4.5,3.6,1.8,4.67,3.98,1.8,5,3.2,1.83,,,,4.8,3.9,1.8
14/03/15,Arsenal,West Ham,3,0,1.4,5,9,1.4,4.5,7.5,1.4,4.4,7.3,1.4,5,8,1.38,5.36,9.08,1.4,4.5,8,,,,1.36,5.25,9.5
14/03/15,Burnley,Man City,1,0,7.5,5,1.44,6.5,4.5,1.44,7,4,1.45,7,4.5,1.45,7.62,4.85,1.46,7,4.5,1.44,,,,8,4.8,1.45
14/03/15,Crystal Palace,QPR,3,1,1.83,3.75,4.75,1.83,3.6,4.1,1.85,3.45,4,1.83,3.6,4.5,1.78,3.83,5.04,1.75,3.6,4.75,,,,1.83,3.6,5
14/03/15,Leicester,Hull,0,0,2.2,3.3,3.75,2.2,3.25,3.25,2.1,3.3,3.3,2.25,3.2,3.4,2.21,3.29,3.78,2.25,3.1,3.4,,,,2.25,3.2,3.75
14/03/15,Sunderland,Aston Villa,0,4,2.38,3.25,3.4,2.35,3.1,3.1,2.25,3,3.3,2.4,3.1,3.25,2.31,3.25,3.57,2.4,3,3.2,,,,2.38,3.1,3.6
14/03/15,West Brom,Stoke,1,0,2.38,3.25,3.4,2.35,3,3.2,2.3,3.2,3,2.4,3.2,3.2,2.38,3.23,3.44,2.4,3,3.25,,,,2.4,3.1,3.5
15/03/15,Chelsea,Southampton,1,1,1.62,4,6.5,1.62,3.9,6,1.5,4,6.1,1.57,4,6.5,1.62,4,6.55,1.62,3.6,6,,,,1.62,3.9,6.5
15/03/15,Everton,Newcastle,3,0,1.83,3.75,4.75,1.83,3.5,4.2,1.85,3.45,4,1.83,3.5,4.5,1.82,3.67,5.05,1.85,3.4,4.5,,,,1.85,3.6,4.8
15/03/15,Man United,Tottenham,3,0,1.91,3.75,4.33,1.91,3.5,4.25,1.9,3.45,3.8,1.9,3.75,4,1.89,3.74,4.45,1.95,3.4,4,,,,1.92,3.75,4.2
16/03/15,Swansea,Liverpool,0,1,4,3.6,2,3.9,3.5,2,3.3,3.3,2.1,3.75,3.4,2.05,4.24,3.51,2,4,3.1,2.05,,,,4.1,3.4,2.05
21/03/15,Aston Villa,Swansea,0,1,2.5,3.25,2.8,2.5,3,3,2.3,3.2,3,2.4,3.25,3,2.52,3.22,3.2,2.4,3.1,3.1,,,,2.55,3.2,3.12
21/03/15,Man City,West Brom,3,0,1.3,5.5,8.5,1.3,5,10,1.3,5,9,1.3,5.5,10,1.32,5.85,10.89,1.33,5,9,,,,1.3,5.75,12
21/03/15,Newcastle,Arsenal,1,2,6,3.8,1.57,5.5,3.8,1.6,4.9,3.7,1.65,5.25,4,1.65,6.15,4.34,1.6,6,3.75,1.6,,,,6,4.33,1.6
21/03/15,Southampton,Burnley,2,0,1.4,4.5,7.5,1.45,4.2,7,1.45,4,7,1.44,4.33,7.5,1.46,4.55,8.5,1.44,4,8,,,,1.45,4.5,8.5
21/03/15,Stoke,Crystal Palace,1,2,2.1,3.3,3.5,2.2,3.1,3.4,2.1,3.2,3.4,2.1,3.3,3.75,2.16,3.34,3.88,2.15,3.2,3.5,,,,2.2,3.25,3.8
21/03/15,Tottenham,Leicester,4,3,1.53,4,6,1.6,4,5.25,1.5,4,6.1,1.53,4.2,6,1.59,4.36,6.15,1.6,4,5.5,,,,1.57,4.33,6.25
21/03/15,West Ham,Sunderland,1,0,1.8,3.5,4.5,1.85,3.4,4.25,1.8,3.5,4.2,1.85,3.5,4.33,1.81,3.69,5.14,1.85,3.5,4.33,,,,1.83,3.6,5
22/03/15,Hull,Chelsea,2,3,7,4.33,1.44,6.75,4.25,1.45,7,4,1.45,7.5,4.33,1.44,8.52,4.42,1.48,7,4,1.5,,,,9,4.4,1.45
22/03/15,Liverpool,Man United,1,2,2.05,3.4,3.6,2.15,3.4,3.6,2.2,3.2,3.2,2.1,3.4,3.6,2.14,3.49,3.76,2.1,3.25,3.5,,,,2.1,3.5,3.8
22/03/15,QPR,Everton,1,2,3.3,3.4,2.15,3.25,3.25,2.2,3.1,3.3,2.2,3.3,3.4,2.2,3.55,3.42,2.25,3.3,3.3,2.2,,,,3.6,3.4,2.2
04/04/15,Arsenal,Liverpool,4,1,1.83,3.75,4.2,1.85,3.6,4,1.9,3.45,3.8,1.85,3.75,4.2,1.85,3.89,4.51,1.83,3.4,4.5,,,,1.87,3.8,4.4
04/04/15,Chelsea,Stoke,2,1,1.29,5.5,11,1.28,5.25,10.5,1.28,5.1,10,1.29,5.5,12,1.27,6.06,14.38,1.29,5,12,,,,1.25,6,15
04/04/15,Everton,Southampton,1,0,2.63,3.2,2.8,2.6,3.1,2.75,2.5,3.3,2.65,2.6,3.2,2.88,2.73,3.3,2.85,2.6,3.1,2.8,,,,2.75,3.2,2.88
04/04/15,Leicester,West Ham,2,1,2.38,3.3,3.1,2.3,3.3,3,2.2,3.3,3.1,2.38,3.3,3.1,2.33,3.54,3.24,2.25,3.4,3.1,,,,2.38,3.5,3.13
04/04/15,Man United,Aston Villa,3,1,1.3,5.5,10,1.3,5,9.5,1.3,5,9,1.3,5,11,1.31,5.7,12,1.33,4.8,10,,,,1.3,5.5,13
04/04/15,Swansea,Hull,3,1,1.91,3.5,4.2,1.91,3.3,4.1,1.9,3.45,3.8,1.83,3.5,4.5,1.97,3.4,4.56,2,3.1,4.2,,,,1.93,3.4,4.75
04/04/15,West Brom,QPR,1,4,1.8,3.5,4.5,1.75,3.5,4.75,1.75,3.5,4.5,1.75,3.5,5,1.78,3.67,5.41,1.73,3.3,5.5,,,,1.8,3.6,5.2
05/04/15,Burnley,Tottenham,0,0,3.5,3.4,2.1,3.6,3.5,2.1,3.2,3.4,2.1,3.6,3.5,2.05,3.5,3.63,2.18,3.5,3.1,2.2,,,,3.4,3.6,2.2
05/04/15,Sunderland,Newcastle,1,0,2.5,3.1,3.1,2.5,3.2,2.8,2.2,3.3,3.1,2.4,3.25,3.1,2.59,3.29,3.03,2.62,3.1,2.8,,,,2.6,3.2,3.1
06/04/15,Crystal Palace,Man City,2,1,5,4,1.67,5,4,1.7,5,3.9,1.6,5,4,1.67,5.6,4.03,1.68,4.8,3.8,1.7,,,,5.5,4,1.7
07/04/15,Aston Villa,QPR,3,3,2.15,3.4,3.8,2.15,3.3,3.3,2,3.3,3.6,2.1,3.4,3.75,2.1,3.43,3.95,2.15,3.2,3.6,,,,2.15,3.4,3.8
11/04/15,Burnley,Arsenal,0,1,6.5,4.33,1.57,6.25,4.1,1.57,7,4,1.45,6,4.2,1.57,6.25,4.35,1.58,6,3.8,1.57,,,,6.25,4.33,1.57
11/04/15,Southampton,Hull,2,0,1.53,4.2,7.5,1.53,3.8,6.5,1.55,3.9,5.6,1.5,4,8,1.53,4.18,7.8,1.53,3.75,7,,,,1.55,4.1,7
11/04/15,Sunderland,Crystal Palace,1,4,2.9,3.2,2.7,2.75,3.1,2.6,2.4,3.2,2.85,2.75,3.1,2.75,3,3.18,2.68,2.7,3.1,2.7,,,,2.9,3.2,2.75
11/04/15,Swansea,Everton,1,1,2.5,3.3,3.1,2.5,3.3,2.95,2.4,3.3,2.75,2.4,3.3,3.1,2.48,3.31,3.17,2.5,3.2,2.9,,,,2.5,3.3,3.1
11/04/15,Tottenham,Aston Villa,0,1,1.62,4.2,6,1.62,4.1,5.5,1.55,3.9,5.6,1.62,4,5.75,1.63,4.26,5.93,1.62,3.8,5.5,,,,1.62,4.2,6
11/04/15,West Brom,Leicester,2,3,2.3,3.4,3.4,2.2,3.25,3.2,2,3.3,3.6,2.2,3.4,3.5,2.33,3.38,3.39,2.3,3.2,3.2,,,,2.3,3.4,3.4
11/04/15,West Ham,Stoke,1,1,2.3,3.4,3.4,2.3,3.2,3.1,2.1,3.2,3.4,2.2,3.4,3.4,2.33,3.37,3.4,2.3,3.2,3.2,,,,2.3,3.4,3.4
12/04/15,Man United,Man City,4,2,2.63,3.4,2.88,2.7,3.4,2.7,2.4,3.3,2.75,2.6,3.4,2.8,2.74,3.5,2.71,2.7,3.1,2.7,,,,2.7,3.4,2.75
12/04/15,QPR,Chelsea,0,1,9,5,1.4,8,5,1.4,7.3,4.4,1.4,8.5,4.8,1.4,9.2,4.99,1.4,8,4.5,1.4,,,,9.5,5,1.4
13/04/15,Liverpool,Newcastle,2,0,1.4,5,9,1.4,5,8.25,1.45,4,7,1.44,4.5,8,1.4,5.05,9.45,1.4,4.5,8,,,,1.4,5,9.5
18/04/15,Chelsea,Man United,1,0,2,3.4,4.33,2,3.5,3.9,2,3.3,3.6,2,3.4,4,2,3.45,4.33,2,3.3,4.33,,,,2,3.4,4.3
18/04/15,Crystal Palace,West Brom,0,2,1.95,3.5,4.5,1.95,3.4,3.75,1.9,3.45,3.8,1.95,3.5,4,1.92,3.5,4.69,1.95,3.25,4.2,,,,1.95,3.3,4.4
18/04/15,Everton,Burnley,1,0,1.73,3.8,5.5,1.72,3.8,5,1.7,3.8,4.3,1.73,3.75,5,1.76,3.81,5.29,1.75,3.5,5,,,,1.73,3.8,5.5
18/04/15,Leicester,Swansea,2,0,2.15,3.4,3.75,2.15,3.3,3.3,2.1,3.3,3.3,2.2,3.4,3.4,2.1,3.53,3.83,2.15,3.3,3.4,,,,2.15,3.5,3.6
18/04/15,Stoke,Southampton,2,1,3.5,3.25,2.3,3,3.3,2.3,2.9,3.3,2.3,3.2,3.25,2.38,3.58,3.28,2.29,3.2,3.2,2.3,,,,3.5,3.13,2.38
19/04/15,Man City,West Ham,2,0,1.25,6.5,11,1.28,6,11,1.27,5.2,10,1.29,6,11,1.25,6.76,13.35,1.29,5,12,,,,1.29,6,12
19/04/15,Newcastle,Tottenham,1,3,3.3,3.5,2.3,3.3,3.3,2.3,2.65,3.3,2.5,3.2,3.4,2.3,3.3,3.53,2.32,3.2,3.1,2.38,,,,3.13,3.5,2.4
25/04/15,Burnley,Leicester,0,1,2.63,3.3,2.9,2.55,3.3,2.8,2.5,3.3,2.65,2.45,3.3,3,2.5,3.34,3.1,2.62,2.88,3,,,,2.55,3.4,3
25/04/15,Crystal Palace,Hull,0,2,2.05,3.3,4.2,2,3.3,4.1,2,3.3,3.6,2,3.4,4.2,2.09,3.34,4.16,2.1,3,4,,,,2.05,3.3,4.2
25/04/15,Man City,Aston Villa,3,2,1.29,6,12,1.28,5.75,12.5,1.27,5.2,10,1.3,5.75,10,1.27,6.45,12.4,1.29,4.8,12,,,,1.29,6,12
25/04/15,Newcastle,Swansea,2,3,2.45,3.25,3.25,2.45,3.2,2.85,2.4,3.2,2.85,2.45,3.3,3,2.42,3.33,3.26,2.5,2.9,3.1,,,,2.45,3.25,3.25
25/04/15,QPR,West Ham,0,0,2.38,3.4,3.25,2.38,3.2,2.95,2.2,3.3,3.1,2.38,3.4,3.2,2.39,3.47,3.2,2.4,3,3.2,,,,2.4,3.4,3.13
25/04/15,Southampton,Tottenham,2,2,2.1,3.5,3.8,2.1,3.4,3.7,2.15,3.3,3.2,2.1,3.4,3.75,2.05,3.49,4.06,2.1,3.1,3.75,,,,2.1,3.4,3.9
25/04/15,Stoke,Sunderland,1,1,1.91,3.5,4.75,1.91,3.4,3.9,1.9,3.45,3.8,1.9,3.4,4.5,1.93,3.45,4.73,1.95,3,4.5,,,,1.95,3.3,4.75
25/04/15,West Brom,Liverpool,0,0,4,3.6,2,4,3.6,1.95,4,3.45,1.85,4.1,3.6,1.95,4.15,3.51,2.02,4,3.1,2.05,,,,4.1,3.6,2
26/04/15,Arsenal,Chelsea,0,0,2.4,3.3,3.3,2.35,3.3,3.2,2.5,3.2,2.75,2.45,3.25,3.1,2.35,3.29,3.44,2.4,3.1,3.1,,,,2.4,3.25,3.3
26/04/15,Everton,Man United,3,0,3.75,3.4,2.15,3.4,3.4,2.2,3.6,3.3,2,3.5,3.5,2.15,3.66,3.39,2.2,3.6,3,2.2,,,,3.6,3.4,2.2
28/04/15,Hull,Liverpool,1,0,4.33,3.4,2,4.1,3.4,2,3.6,3.3,2,4,3.4,2,4.15,3.44,2.04,3.8,3.4,2,,,,4.1,3.4,2.05
29/04/15,Leicester,Chelsea,1,3,5.75,3.8,1.7,5.25,3.8,1.7,4.7,3.6,1.7,5.25,4,1.65,5.58,3.98,1.69,4.8,3.8,1.7,,,,5.5,3.9,1.7
02/05/15,Aston Villa,Everton,3,2,2.75,3.3,2.8,2.65,3.25,2.6,2.5,3.3,2.65,2.7,3.3,2.7,2.78,3.32,2.79,2.7,3.1,2.7,,,,2.8,3.25,2.8
02/05/15,Leicester,Newcastle,3,0,1.91,3.7,4.33,1.91,3.5,4.1,1.95,3.35,3.7,1.95,3.6,3.8,1.97,3.64,4.18,1.91,3.5,4,,,,1.93,3.7,4.3
02/05/15,Liverpool,QPR,2,1,1.36,5.25,10,1.36,5.25,8.75,1.42,4.6,6.4,1.4,5,8,1.38,5.2,9.56,1.4,4.5,8,,,,1.4,5,9
02/05/15,Man United,West Brom,0,1,1.36,5.25,10,1.36,5.25,8.75,1.3,5,9,1.36,5,9,1.38,5.23,10.35,1.36,4.5,9,,,,1.36,5.2,10
02/05/15,Sunderland,Southampton,2,1,4.2,3.4,2.05,3.6,3.25,2.05,3.3,3.3,2.1,4,3.3,2.05,4.04,3.44,2.08,4,3.1,2.05,,,,4.2,3.3,2.05
02/05/15,Swansea,Stoke,2,0,2.3,3.4,3.4,2.3,3.1,3.2,2.2,3.2,3.2,2.15,3.3,3.5,2.28,3.43,3.45,2.3,3.2,3.2,,,,2.38,3.13,3.5
02/05/15,West Ham,Burnley,1,0,2.25,3.5,3.4,2.25,3.3,3.1,2.2,3.3,3.1,2.15,3.4,3.5,2.29,3.45,3.39,2.25,3.2,3.3,,,,2.25,3.4,3.5
03/05/15,Chelsea,Crystal Palace,1,0,1.36,5.25,10,1.36,5,9.25,1.35,4.8,7.6,1.33,5,10,1.35,5.32,10.82,1.36,4.8,8.5,,,,1.36,5,10.5
03/05/15,Tottenham,Man City,0,1,3.75,3.75,2.05,3.6,3.6,2.05,3.6,3.3,2,3.5,3.75,2.05,3.69,3.81,2.07,3.75,3.3,2.05,,,,3.5,3.8,2.1
04/05/15,Hull,Arsenal,1,3,5.5,4,1.7,5.25,3.8,1.7,,,,5.25,3.8,1.67,5.52,3.9,1.72,5.5,3.5,1.7,,,,5.5,3.8,1.73
09/05/15,Aston Villa,West Ham,1,0,1.91,3.7,4.33,1.95,3.5,3.7,1.9,3.45,3.8,1.95,3.6,4,1.91,3.69,4.45,1.95,3.4,4,,,,1.95,3.5,4.33
09/05/15,Crystal Palace,Man United,1,2,4.5,3.6,1.91,4.1,3.7,1.9,4.5,3.7,1.7,4.5,3.6,1.85,4.66,3.66,1.88,4.33,3.3,1.91,,,,4.75,3.6,1.87
09/05/15,Everton,Sunderland,0,2,1.8,3.75,5,1.8,3.6,4.75,1.95,3.4,3.55,1.8,3.6,4.8,1.79,3.8,5.06,1.73,3.5,5,,,,1.8,3.6,5.2
09/05/15,Hull,Burnley,0,1,1.95,3.5,4.5,1.95,3.4,3.75,1.8,3.5,4.2,1.95,3.4,4.2,1.93,3.58,4.5,1.95,3.4,4,,,,1.9,3.5,4.75
09/05/15,Leicester,Southampton,2,0,2.6,3.4,2.9,2.6,3.25,2.65,2.4,3.3,2.75,2.62,3.4,2.75,2.62,3.35,2.94,2.62,3.1,2.8,,,,2.6,3.4,2.9
09/05/15,Newcastle,West Brom,1,1,2.55,3.3,3,2.55,3.3,2.9,2.3,3.3,2.9,2.45,3.3,3,2.5,3.36,3.09,2.62,3.1,2.8,,,,2.6,3.2,3.1
09/05/15,Stoke,Tottenham,3,0,2.9,3.4,2.6,2.7,3.25,2.55,2.65,3.3,2.5,2.9,3.4,2.5,2.9,3.45,2.59,2.8,3.1,2.62,,,,2.9,3.4,2.6
10/05/15,Chelsea,Liverpool,1,1,2.1,3.5,3.8,2.1,3.3,3.8,2.1,3.3,3.3,2,3.4,3.9,2.1,3.44,3.96,2.1,3.2,3.75,,,,2.1,3.4,3.9
10/05/15,Man City,QPR,6,0,1.22,7.5,13,1.22,7.25,11.5,1.2,5.8,13,1.22,7,13,1.23,7.4,13.75,1.22,6,13,,,,1.22,7.5,15
11/05/15,Arsenal,Swansea,0,1,1.3,6,11,1.3,5.75,10,1.35,4.8,7.6,1.33,5.25,9.5,1.31,5.93,11.5,1.33,5,9,,,,1.33,5.5,11
16/05/15,Burnley,Stoke,0,0,2.7,3.3,2.88,2.65,3.2,2.65,2.75,3.3,2.4,2.62,3.3,2.9,2.61,3.39,2.92,2.7,3.1,2.7,,,,2.63,3.25,3
16/05/15,Liverpool,Crystal Palace,1,3,1.45,4.75,8,1.45,4.75,7,1.45,4,7,1.5,4.5,6.5,1.49,4.76,7.23,1.44,4.2,8,,,,1.45,4.75,7.5
16/05/15,QPR,Newcastle,2,1,3.1,3.5,2.4,2.95,3.4,2.45,2.9,3.3,2.3,2.9,3.5,2.5,3.01,3.57,2.45,2.9,3.25,2.4,,,,3,3.5,2.45
16/05/15,Southampton,Aston Villa,6,1,1.75,3.8,5.25,1.78,3.5,4.5,1.75,3.5,4.5,1.75,3.75,5,1.76,3.83,5.25,1.75,3.5,5,,,,1.8,3.6,5.25
16/05/15,Sunderland,Leicester,0,0,2.8,3.3,2.75,2.65,3.2,2.65,2.4,3.2,2.85,2.75,3.3,2.75,2.83,3.3,2.75,2.7,3.1,2.7,,,,2.8,3.3,2.75
16/05/15,Tottenham,Hull,2,0,1.8,3.8,4.75,1.75,3.8,4.25,1.7,3.8,4.3,1.8,3.75,4.75,1.79,3.99,4.72,1.8,3.3,5,,,,1.75,4,4.75
16/05/15,West Ham,Everton,1,2,2.9,3.4,2.6,2.65,3.2,2.6,2.6,3.2,2.6,2.8,3.4,2.62,2.99,3.5,2.51,2.8,3.1,2.6,,,,3,3.4,2.5
17/05/15,Man United,Arsenal,1,1,2.45,3.5,3,2.4,3.5,2.95,2.3,3.3,2.9,2.4,3.5,2.9,2.5,3.46,3.02,2.5,3.1,3,,,,2.45,3.5,3
17/05/15,Swansea,Man City,2,4,4.75,4.2,1.75,5,3.75,1.75,4.5,3.5,1.75,4.5,4,1.75,5.03,4.23,1.71,5,3.5,1.75,,,,5,4.1,1.73
18/05/15,West Brom,Chelsea,3,0,4.1,3.5,2,4,3.5,2,3.6,3.3,2,4,3.5,1.95,4.21,3.54,2,4,3.1,2.05,,,,4.2,3.5,2
20/05/15,Arsenal,Sunderland,0,0,1.3,6,11,1.3,5.75,10,1.35,4.6,8.2,1.3,5.5,11,1.32,5.46,12.31,1.29,5.5,11,,,,1.29,6,13
24/05/15,Arsenal,West Brom,4,1,1.4,5.25,8.5,1.4,4.75,7,1.4,4.4,7.3,1.36,5,9,1.43,4.91,8.53,1.4,4.5,8,,,,1.4,5,9
24/05/15,Aston Villa,Burnley,0,1,2.1,3.6,3.75,2.1,3.5,3.25,2,3.3,3.6,2.1,3.4,3.6,2.12,3.67,3.65,2.1,3.3,3.5,,,,2.1,3.6,3.7
24/05/15,Chelsea,Sunderland,3,1,1.36,5.25,9.5,1.36,5.25,8.75,1.3,5,9,1.36,5,9,1.36,5.33,10.43,1.36,4.5,10,,,,1.36,5.25,10.5
24/05/15,Crystal Palace,Swansea,1,0,2.25,3.6,3.3,2.2,3.2,3.3,2.1,3.3,3.3,2.2,3.5,3.2,2.21,3.7,3.38,2.3,3.2,3.2,,,,2.25,3.6,3.25
24/05/15,Everton,Tottenham,0,1,2.4,3.6,3,2.35,3.4,2.85,2.4,3.3,2.75,2.4,3.4,3,2.31,3.72,3.12,2.4,3.1,3.1,,,,2.3,3.7,3.13
24/05/15,Hull,Man United,0,0,3.2,3.75,2.25,3.2,3.6,2.2,2.85,3.6,2.2,3.25,3.5,2.2,3.22,3.71,2.27,3.2,3.3,2.25,,,,3.2,3.6,2.25
24/05/15,Leicester,QPR,5,1,1.6,4.33,6,1.6,3.8,5.5,1.6,3.9,5,1.62,4,5.5,1.57,4.57,6.02,1.62,3.8,5.5,,,,1.57,4.5,6
24/05/15,Man City,Southampton,2,0,1.57,4.5,6,1.55,4,5.75,1.5,4,6.1,1.57,4.2,6,1.6,4.62,5.59,1.57,3.8,6,,,,1.57,4.6,5.75
24/05/15,Newcastle,West Ham,2,0,1.83,4,4.33,1.8,3.9,4.4,1.65,3.8,4.6,1.8,3.75,4.5,1.79,4,4.69,1.8,3.5,4.5,,,,1.8,4,4.6
24/05/15,Stoke,Liverpool,6,1,3.5,3.6,2.15,3.25,3.4,2.15,3.3,3.3,2.1,3.3,3.5,2.2,3.51,3.7,2.15,3.3,3.3,2.2,,,,3.5,3.6,2.15
